itemID,total_returns,total_orders,return_rate,item_return_category
1,32,74,0.4324,moderately low
2,8,16,0.5,moderately high
3,0,5,0.0,low
4,36,51,0.7059,moderately high
5,44,104,0.4231,moderately low
6,31,58,0.5345,moderately high
7,20,48,0.4167,moderately low
8,10,21,0.4762,moderately low
9,23,29,0.7931,high
10,1,1,1.0,high
11,0,1,0.0,low
12,2,4,0.5,moderately high
13,4,10,0.4,moderately low
14,43,63,0.6825,moderately high
15,10,26,0.3846,moderately low
17,50,90,0.5556,moderately high
18,1,1,1.0,high
19,3,9,0.3333,moderately low
20,6,39,0.1538,low
21,4,6,0.6667,moderately high
22,70,184,0.3804,moderately low
23,4,8,0.5,moderately high
24,2,4,0.5,moderately high
25,4,6,0.6667,moderately high
26,16,26,0.6154,moderately high
27,7,15,0.4667,moderately low
28,7,23,0.3043,moderately low
30,10,12,0.8333,high
31,1,9,0.1111,low
32,7,37,0.1892,low
33,3,24,0.125,low
34,0,4,0.0,low
35,11,16,0.6875,moderately high
36,8,31,0.2581,moderately low
37,31,47,0.6596,moderately high
39,62,81,0.7654,high
40,1,6,0.1667,low
41,25,41,0.6098,moderately high
42,52,87,0.5977,moderately high
43,19,28,0.6786,moderately high
45,39,74,0.527,moderately high
46,0,5,0.0,low
47,86,134,0.6418,moderately high
49,49,64,0.7656,high
50,6,10,0.6,moderately high
51,11,28,0.3929,moderately low
52,43,69,0.6232,moderately high
53,3,5,0.6,moderately high
54,0,1,0.0,low
55,4,14,0.2857,moderately low
57,122,437,0.2792,moderately low
58,6,13,0.4615,moderately low
59,41,174,0.2356,low
61,7,15,0.4667,moderately low
62,17,71,0.2394,low
63,6,12,0.5,moderately high
64,15,21,0.7143,moderately high
65,1,4,0.25,moderately low
66,0,4,0.0,low
67,102,133,0.7669,high
68,26,60,0.4333,moderately low
69,25,51,0.4902,moderately low
70,62,120,0.5167,moderately high
71,99,148,0.6689,moderately high
72,9,20,0.45,moderately low
73,17,36,0.4722,moderately low
74,9,18,0.5,moderately high
75,0,1,0.0,low
76,20,43,0.4651,moderately low
77,7,13,0.5385,moderately high
78,27,37,0.7297,moderately high
79,10,21,0.4762,moderately low
80,12,27,0.4444,moderately low
81,5,16,0.3125,moderately low
82,40,85,0.4706,moderately low
83,10,13,0.7692,high
84,6,21,0.2857,moderately low
85,5,8,0.625,moderately high
86,13,38,0.3421,moderately low
87,3,14,0.2143,low
88,11,54,0.2037,low
89,5,5,1.0,high
90,20,38,0.5263,moderately high
91,1,3,0.3333,moderately low
92,2,5,0.4,moderately low
93,22,41,0.5366,moderately high
94,6,15,0.4,moderately low
95,7,15,0.4667,moderately low
96,0,6,0.0,low
97,0,1,0.0,low
98,22,64,0.3438,moderately low
99,5,9,0.5556,moderately high
100,101,220,0.4591,moderately low
101,24,32,0.75,high
102,21,30,0.7,moderately high
103,3,11,0.2727,moderately low
104,9,14,0.6429,moderately high
105,45,68,0.6618,moderately high
106,38,67,0.5672,moderately high
107,3,5,0.6,moderately high
108,121,187,0.6471,moderately high
109,17,23,0.7391,moderately high
110,1,9,0.1111,low
111,2,6,0.3333,moderately low
112,0,3,0.0,low
113,17,34,0.5,moderately high
114,153,232,0.6595,moderately high
116,34,67,0.5075,moderately high
117,2,2,1.0,high
118,57,89,0.6404,moderately high
119,7,14,0.5,moderately high
120,1,4,0.25,moderately low
121,14,31,0.4516,moderately low
122,30,48,0.625,moderately high
124,15,35,0.4286,moderately low
125,2,7,0.2857,moderately low
126,17,31,0.5484,moderately high
127,42,81,0.5185,moderately high
128,25,63,0.3968,moderately low
129,33,54,0.6111,moderately high
130,1,6,0.1667,low
133,90,138,0.6522,moderately high
134,4,8,0.5,moderately high
135,10,22,0.4545,moderately low
136,3,10,0.3,moderately low
137,5,20,0.25,moderately low
138,17,47,0.3617,moderately low
139,2,8,0.25,moderately low
140,27,47,0.5745,moderately high
141,1,1,1.0,high
142,50,85,0.5882,moderately high
143,61,119,0.5126,moderately high
144,6,10,0.6,moderately high
146,1,3,0.3333,moderately low
147,31,50,0.62,moderately high
148,2,4,0.5,moderately high
149,1,4,0.25,moderately low
150,11,18,0.6111,moderately high
151,9,15,0.6,moderately high
152,2,3,0.6667,moderately high
154,32,76,0.4211,moderately low
155,13,51,0.2549,moderately low
156,111,217,0.5115,moderately high
157,1,2,0.5,moderately high
158,3,7,0.4286,moderately low
159,1,4,0.25,moderately low
160,3,7,0.4286,moderately low
161,1,2,0.5,moderately high
162,1,2,0.5,moderately high
163,33,57,0.5789,moderately high
164,6,20,0.3,moderately low
165,10,30,0.3333,moderately low
166,12,29,0.4138,moderately low
168,4,7,0.5714,moderately high
169,1,4,0.25,moderately low
170,3,5,0.6,moderately high
171,3,9,0.3333,moderately low
172,26,47,0.5532,moderately high
173,67,131,0.5115,moderately high
174,0,4,0.0,low
175,5,20,0.25,moderately low
176,1,5,0.2,low
177,49,70,0.7,moderately high
178,4,11,0.3636,moderately low
180,4,8,0.5,moderately high
181,5,11,0.4545,moderately low
182,9,18,0.5,moderately high
183,40,70,0.5714,moderately high
184,6,22,0.2727,moderately low
185,276,445,0.6202,moderately high
186,5,8,0.625,moderately high
187,17,34,0.5,moderately high
188,1,3,0.3333,moderately low
190,28,82,0.3415,moderately low
191,1,15,0.0667,low
192,3,12,0.25,moderately low
193,85,145,0.5862,moderately high
194,16,34,0.4706,moderately low
195,4,13,0.3077,moderately low
196,0,1,0.0,low
197,5,8,0.625,moderately high
198,1,4,0.25,moderately low
199,1,2,0.5,moderately high
200,52,83,0.6265,moderately high
201,16,60,0.2667,moderately low
202,2,5,0.4,moderately low
203,2,7,0.2857,moderately low
204,33,89,0.3708,moderately low
205,11,21,0.5238,moderately high
206,5,9,0.5556,moderately high
208,1,1,1.0,high
209,7,14,0.5,moderately high
210,32,66,0.4848,moderately low
211,6,28,0.2143,low
212,9,28,0.3214,moderately low
213,149,380,0.3921,moderately low
214,80,127,0.6299,moderately high
215,113,180,0.6278,moderately high
216,0,9,0.0,low
217,5,17,0.2941,moderately low
218,12,41,0.2927,moderately low
219,2,5,0.4,moderately low
220,2,5,0.4,moderately low
222,10,35,0.2857,moderately low
223,3,7,0.4286,moderately low
224,74,103,0.7184,moderately high
225,2,5,0.4,moderately low
226,31,55,0.5636,moderately high
227,1,2,0.5,moderately high
228,2,5,0.4,moderately low
229,3,5,0.6,moderately high
230,7,9,0.7778,high
231,22,53,0.4151,moderately low
233,8,21,0.381,moderately low
234,4,13,0.3077,moderately low
235,30,55,0.5455,moderately high
238,178,238,0.7479,moderately high
240,6,28,0.2143,low
242,230,337,0.6825,moderately high
243,9,14,0.6429,moderately high
244,20,32,0.625,moderately high
245,62,82,0.7561,high
246,11,25,0.44,moderately low
247,2,6,0.3333,moderately low
248,1,1,1.0,high
249,3,4,0.75,high
250,18,93,0.1935,low
251,67,114,0.5877,moderately high
252,7,12,0.5833,moderately high
253,2,14,0.1429,low
254,1,1,1.0,high
255,33,78,0.4231,moderately low
257,20,55,0.3636,moderately low
258,52,104,0.5,moderately high
259,19,29,0.6552,moderately high
260,4,5,0.8,high
261,4,20,0.2,low
262,26,39,0.6667,moderately high
263,91,183,0.4973,moderately low
264,69,109,0.633,moderately high
265,24,35,0.6857,moderately high
266,1,2,0.5,moderately high
267,1,4,0.25,moderately low
268,13,26,0.5,moderately high
269,18,34,0.5294,moderately high
270,61,97,0.6289,moderately high
271,9,30,0.3,moderately low
272,60,107,0.5607,moderately high
273,168,276,0.6087,moderately high
275,16,33,0.4848,moderately low
276,7,10,0.7,moderately high
278,14,26,0.5385,moderately high
279,36,74,0.4865,moderately low
280,0,2,0.0,low
281,12,17,0.7059,moderately high
282,4,6,0.6667,moderately high
283,4,6,0.6667,moderately high
285,7,14,0.5,moderately high
286,10,18,0.5556,moderately high
287,9,21,0.4286,moderately low
288,0,1,0.0,low
290,9,25,0.36,moderately low
291,25,41,0.6098,moderately high
292,2,4,0.5,moderately high
293,33,49,0.6735,moderately high
294,1,2,0.5,moderately high
295,0,4,0.0,low
296,21,34,0.6176,moderately high
297,3,6,0.5,moderately high
298,7,13,0.5385,moderately high
300,0,1,0.0,low
301,4,10,0.4,moderately low
302,13,27,0.4815,moderately low
303,3,5,0.6,moderately high
305,4,11,0.3636,moderately low
306,47,77,0.6104,moderately high
307,0,5,0.0,low
309,0,1,0.0,low
311,4,11,0.3636,moderately low
313,170,241,0.7054,moderately high
315,5,11,0.4545,moderately low
316,0,1,0.0,low
317,1,2,0.5,moderately high
318,10,12,0.8333,high
319,1,5,0.2,low
320,35,69,0.5072,moderately high
321,3,4,0.75,high
322,5,6,0.8333,high
323,3,6,0.5,moderately high
324,22,29,0.7586,high
326,0,1,0.0,low
327,1,5,0.2,low
328,22,79,0.2785,moderately low
329,22,30,0.7333,moderately high
331,6,27,0.2222,low
332,3,3,1.0,high
333,1,1,1.0,high
334,2,6,0.3333,moderately low
335,17,27,0.6296,moderately high
336,18,27,0.6667,moderately high
337,0,3,0.0,low
338,9,14,0.6429,moderately high
339,17,28,0.6071,moderately high
340,2,4,0.5,moderately high
341,6,9,0.6667,moderately high
342,9,16,0.5625,moderately high
343,8,31,0.2581,moderately low
345,7,35,0.2,low
346,17,27,0.6296,moderately high
347,2,3,0.6667,moderately high
348,1,2,0.5,moderately high
349,8,11,0.7273,moderately high
351,2,2,1.0,high
352,0,1,0.0,low
353,1,1,1.0,high
354,1,3,0.3333,moderately low
355,1,3,0.3333,moderately low
356,1,2,0.5,moderately high
357,4,9,0.4444,moderately low
358,8,11,0.7273,moderately high
359,0,2,0.0,low
361,6,7,0.8571,high
362,0,1,0.0,low
363,42,66,0.6364,moderately high
364,7,17,0.4118,moderately low
365,2,5,0.4,moderately low
366,26,49,0.5306,moderately high
367,9,16,0.5625,moderately high
368,0,1,0.0,low
369,18,46,0.3913,moderately low
370,27,52,0.5192,moderately high
371,13,30,0.4333,moderately low
375,0,2,0.0,low
376,1,3,0.3333,moderately low
377,8,23,0.3478,moderately low
378,15,40,0.375,moderately low
379,5,8,0.625,moderately high
380,16,25,0.64,moderately high
381,15,30,0.5,moderately high
382,12,14,0.8571,high
383,6,10,0.6,moderately high
384,8,12,0.6667,moderately high
385,1,3,0.3333,moderately low
386,2,7,0.2857,moderately low
389,69,140,0.4929,moderately low
391,3,8,0.375,moderately low
392,5,18,0.2778,moderately low
393,8,12,0.6667,moderately high
394,4,8,0.5,moderately high
395,4,7,0.5714,moderately high
396,2,4,0.5,moderately high
397,47,84,0.5595,moderately high
399,13,26,0.5,moderately high
401,14,38,0.3684,moderately low
402,75,123,0.6098,moderately high
403,5,10,0.5,moderately high
405,8,14,0.5714,moderately high
406,3,5,0.6,moderately high
407,16,37,0.4324,moderately low
408,5,6,0.8333,high
410,28,45,0.6222,moderately high
411,2,3,0.6667,moderately high
412,71,107,0.6636,moderately high
413,92,130,0.7077,moderately high
414,0,1,0.0,low
415,42,73,0.5753,moderately high
416,2,3,0.6667,moderately high
417,0,1,0.0,low
418,14,19,0.7368,moderately high
419,30,39,0.7692,high
421,4,5,0.8,high
422,2,6,0.3333,moderately low
423,5,13,0.3846,moderately low
424,3,7,0.4286,moderately low
425,2,12,0.1667,low
426,0,2,0.0,low
427,11,15,0.7333,moderately high
428,0,1,0.0,low
429,11,14,0.7857,high
430,4,10,0.4,moderately low
431,11,25,0.44,moderately low
432,9,17,0.5294,moderately high
433,8,32,0.25,moderately low
434,91,170,0.5353,moderately high
435,6,15,0.4,moderately low
437,6,8,0.75,high
439,5,15,0.3333,moderately low
440,1,1,1.0,high
441,32,57,0.5614,moderately high
445,4,7,0.5714,moderately high
446,2,8,0.25,moderately low
447,16,23,0.6957,moderately high
448,34,54,0.6296,moderately high
449,2,20,0.1,low
450,2,5,0.4,moderately low
451,0,1,0.0,low
452,10,15,0.6667,moderately high
454,7,11,0.6364,moderately high
457,8,12,0.6667,moderately high
458,11,17,0.6471,moderately high
459,9,15,0.6,moderately high
460,12,16,0.75,high
461,1,2,0.5,moderately high
462,8,21,0.381,moderately low
463,101,165,0.6121,moderately high
464,0,1,0.0,low
465,11,24,0.4583,moderately low
467,7,10,0.7,moderately high
468,13,24,0.5417,moderately high
469,3,4,0.75,high
471,2,4,0.5,moderately high
472,25,43,0.5814,moderately high
473,34,79,0.4304,moderately low
474,6,9,0.6667,moderately high
475,5,13,0.3846,moderately low
476,4,5,0.8,high
477,1,1,1.0,high
478,0,2,0.0,low
479,21,34,0.6176,moderately high
481,3,5,0.6,moderately high
482,3,12,0.25,moderately low
483,5,7,0.7143,moderately high
484,21,29,0.7241,moderately high
485,2,2,1.0,high
486,14,25,0.56,moderately high
488,1,3,0.3333,moderately low
489,20,36,0.5556,moderately high
492,1,3,0.3333,moderately low
493,0,1,0.0,low
494,1,2,0.5,moderately high
495,3,3,1.0,high
496,5,17,0.2941,moderately low
498,371,935,0.3968,moderately low
499,0,1,0.0,low
500,0,1,0.0,low
502,25,37,0.6757,moderately high
506,38,58,0.6552,moderately high
507,57,80,0.7125,moderately high
508,6,29,0.2069,low
509,1,5,0.2,low
510,11,19,0.5789,moderately high
511,19,24,0.7917,high
512,3,7,0.4286,moderately low
514,6,14,0.4286,moderately low
515,3,3,1.0,high
516,45,66,0.6818,moderately high
517,2,3,0.6667,moderately high
519,9,11,0.8182,high
521,0,2,0.0,low
522,4,4,1.0,high
523,4,13,0.3077,moderately low
525,5,6,0.8333,high
526,3,4,0.75,high
527,0,1,0.0,low
528,1,6,0.1667,low
529,1,1,1.0,high
531,8,15,0.5333,moderately high
532,0,1,0.0,low
533,0,3,0.0,low
534,8,12,0.6667,moderately high
538,12,19,0.6316,moderately high
539,0,3,0.0,low
540,5,11,0.4545,moderately low
541,0,1,0.0,low
543,2,2,1.0,high
546,113,183,0.6175,moderately high
547,6,8,0.75,high
548,1,1,1.0,high
549,0,1,0.0,low
554,1,6,0.1667,low
556,0,4,0.0,low
557,30,55,0.5455,moderately high
558,3,5,0.6,moderately high
559,1,3,0.3333,moderately low
560,5,13,0.3846,moderately low
561,14,22,0.6364,moderately high
562,2,5,0.4,moderately low
563,17,18,0.9444,high
564,0,1,0.0,low
565,3,4,0.75,high
566,2,5,0.4,moderately low
567,1,1,1.0,high
568,65,131,0.4962,moderately low
570,17,29,0.5862,moderately high
571,13,33,0.3939,moderately low
573,1,3,0.3333,moderately low
574,23,46,0.5,moderately high
575,1,3,0.3333,moderately low
576,14,20,0.7,moderately high
577,5,6,0.8333,high
579,5,12,0.4167,moderately low
580,6,7,0.8571,high
582,6,12,0.5,moderately high
583,1,4,0.25,moderately low
584,8,16,0.5,moderately high
586,12,29,0.4138,moderately low
588,16,38,0.4211,moderately low
590,0,1,0.0,low
591,7,8,0.875,high
592,5,6,0.8333,high
593,7,7,1.0,high
594,1,3,0.3333,moderately low
595,7,8,0.875,high
596,3,3,1.0,high
597,0,2,0.0,low
598,37,56,0.6607,moderately high
600,4,10,0.4,moderately low
601,11,14,0.7857,high
603,4,5,0.8,high
604,4,8,0.5,moderately high
605,1,1,1.0,high
606,3,13,0.2308,low
608,3,18,0.1667,low
611,68,84,0.8095,high
612,55,84,0.6548,moderately high
613,31,43,0.7209,moderately high
615,4,11,0.3636,moderately low
616,1,2,0.5,moderately high
617,10,35,0.2857,moderately low
618,0,1,0.0,low
619,2,2,1.0,high
621,14,18,0.7778,high
622,3,5,0.6,moderately high
623,6,17,0.3529,moderately low
624,2,2,1.0,high
625,6,21,0.2857,moderately low
626,3,8,0.375,moderately low
627,28,35,0.8,high
628,2,10,0.2,low
629,3,6,0.5,moderately high
630,1,1,1.0,high
631,0,1,0.0,low
633,3,13,0.2308,low
634,2,4,0.5,moderately high
635,1,12,0.0833,low
637,0,1,0.0,low
639,3,5,0.6,moderately high
640,1,3,0.3333,moderately low
641,3,5,0.6,moderately high
642,0,1,0.0,low
643,2,5,0.4,moderately low
644,0,1,0.0,low
646,1,5,0.2,low
647,12,13,0.9231,high
650,0,1,0.0,low
651,0,4,0.0,low
652,17,24,0.7083,moderately high
653,2,2,1.0,high
654,12,24,0.5,moderately high
655,8,10,0.8,high
656,4,4,1.0,high
658,1,1,1.0,high
659,4,15,0.2667,moderately low
660,41,61,0.6721,moderately high
661,2,7,0.2857,moderately low
662,1,4,0.25,moderately low
663,9,13,0.6923,moderately high
665,6,11,0.5455,moderately high
666,9,16,0.5625,moderately high
667,7,25,0.28,moderately low
668,9,14,0.6429,moderately high
670,3,14,0.2143,low
671,7,10,0.7,moderately high
672,4,5,0.8,high
673,7,7,1.0,high
675,3,7,0.4286,moderately low
676,5,10,0.5,moderately high
678,3,4,0.75,high
679,4,11,0.3636,moderately low
681,0,1,0.0,low
682,3,6,0.5,moderately high
683,4,29,0.1379,low
684,0,1,0.0,low
685,4,11,0.3636,moderately low
686,1,1,1.0,high
687,3,3,1.0,high
688,38,65,0.5846,moderately high
690,6,6,1.0,high
695,0,1,0.0,low
696,2,7,0.2857,moderately low
698,2,2,1.0,high
699,20,30,0.6667,moderately high
701,1,4,0.25,moderately low
702,4,7,0.5714,moderately high
703,56,128,0.4375,moderately low
704,6,14,0.4286,moderately low
706,11,32,0.3438,moderately low
707,26,37,0.7027,moderately high
708,31,40,0.775,high
709,5,12,0.4167,moderately low
711,1,4,0.25,moderately low
714,1,4,0.25,moderately low
716,0,5,0.0,low
719,0,4,0.0,low
721,2,7,0.2857,moderately low
722,2,4,0.5,moderately high
723,4,7,0.5714,moderately high
724,5,8,0.625,moderately high
725,0,1,0.0,low
726,1,1,1.0,high
728,5,8,0.625,moderately high
730,13,23,0.5652,moderately high
731,1,4,0.25,moderately low
733,1,1,1.0,high
734,3,15,0.2,low
735,0,2,0.0,low
736,2,5,0.4,moderately low
738,1,2,0.5,moderately high
740,2,7,0.2857,moderately low
744,1,2,0.5,moderately high
745,1,2,0.5,moderately high
746,4,24,0.1667,low
747,1,2,0.5,moderately high
748,2,2,1.0,high
750,1,6,0.1667,low
751,6,6,1.0,high
755,1,2,0.5,moderately high
756,1,3,0.3333,moderately low
757,3,6,0.5,moderately high
758,0,1,0.0,low
759,2,5,0.4,moderately low
760,1,9,0.1111,low
763,0,2,0.0,low
765,7,11,0.6364,moderately high
769,3,5,0.6,moderately high
771,5,10,0.5,moderately high
772,24,38,0.6316,moderately high
773,0,1,0.0,low
774,1,4,0.25,moderately low
775,11,18,0.6111,moderately high
776,3,3,1.0,high
778,0,39,0.0,low
780,0,2,0.0,low
782,2,4,0.5,moderately high
784,3,6,0.5,moderately high
785,1,1,1.0,high
786,9,13,0.6923,moderately high
787,2,6,0.3333,moderately low
789,1,3,0.3333,moderately low
790,0,6,0.0,low
791,6,7,0.8571,high
792,0,1,0.0,low
793,1,2,0.5,moderately high
795,1,6,0.1667,low
796,1,1,1.0,high
797,2,9,0.2222,low
799,5,8,0.625,moderately high
800,5,10,0.5,moderately high
801,0,2,0.0,low
803,3,8,0.375,moderately low
804,13,22,0.5909,moderately high
806,1,2,0.5,moderately high
808,15,21,0.7143,moderately high
811,16,23,0.6957,moderately high
812,7,16,0.4375,moderately low
817,0,2,0.0,low
818,29,92,0.3152,moderately low
819,1,3,0.3333,moderately low
820,12,19,0.6316,moderately high
821,3,7,0.4286,moderately low
822,5,7,0.7143,moderately high
823,6,10,0.6,moderately high
824,0,1,0.0,low
826,6,8,0.75,high
827,1,2,0.5,moderately high
830,0,2,0.0,low
831,0,8,0.0,low
832,6,10,0.6,moderately high
833,0,1,0.0,low
834,1,3,0.3333,moderately low
835,0,4,0.0,low
836,1,1,1.0,high
837,3,16,0.1875,low
839,0,1,0.0,low
841,0,1,0.0,low
843,8,21,0.381,moderately low
844,1,1,1.0,high
846,1,2,0.5,moderately high
847,0,9,0.0,low
849,0,1,0.0,low
850,0,2,0.0,low
851,12,26,0.4615,moderately low
853,0,2,0.0,low
856,11,13,0.8462,high
857,4,4,1.0,high
858,2,4,0.5,moderately high
867,34,45,0.7556,high
869,5,5,1.0,high
871,8,11,0.7273,moderately high
874,11,13,0.8462,high
875,7,12,0.5833,moderately high
879,3,6,0.5,moderately high
881,2,18,0.1111,low
885,0,1,0.0,low
887,4,9,0.4444,moderately low
889,5,7,0.7143,moderately high
894,5,9,0.5556,moderately high
895,47,130,0.3615,moderately low
896,3,11,0.2727,moderately low
897,3,19,0.1579,low
898,1,4,0.25,moderately low
899,2,3,0.6667,moderately high
911,5,6,0.8333,high
915,5,8,0.625,moderately high
916,0,1,0.0,low
917,3,4,0.75,high
918,1,2,0.5,moderately high
920,14,16,0.875,high
921,12,22,0.5455,moderately high
922,2,4,0.5,moderately high
924,2,6,0.3333,moderately low
925,1,1,1.0,high
926,8,18,0.4444,moderately low
927,1,13,0.0769,low
929,5,9,0.5556,moderately high
930,3,9,0.3333,moderately low
931,6,19,0.3158,moderately low
932,0,5,0.0,low
934,5,14,0.3571,moderately low
935,0,1,0.0,low
936,0,1,0.0,low
939,17,45,0.3778,moderately low
943,0,1,0.0,low
945,2,8,0.25,moderately low
946,6,14,0.4286,moderately low
948,4,7,0.5714,moderately high
949,32,41,0.7805,high
950,0,2,0.0,low
951,3,8,0.375,moderately low
952,0,1,0.0,low
953,4,11,0.3636,moderately low
955,3,8,0.375,moderately low
956,8,15,0.5333,moderately high
958,2,4,0.5,moderately high
963,1,5,0.2,low
965,0,1,0.0,low
966,2,8,0.25,moderately low
968,0,1,0.0,low
970,0,3,0.0,low
972,2,3,0.6667,moderately high
976,3,8,0.375,moderately low
977,2,4,0.5,moderately high
979,1,9,0.1111,low
983,2,2,1.0,high
984,4,10,0.4,moderately low
985,2,3,0.6667,moderately high
987,10,11,0.9091,high
989,9,23,0.3913,moderately low
990,9,12,0.75,high
991,1,1,1.0,high
995,0,1,0.0,low
999,0,2,0.0,low
1000,0,1,0.0,low
1001,2,2,1.0,high
1003,2,2,1.0,high
1004,0,1,0.0,low
1007,1,3,0.3333,moderately low
1008,1,6,0.1667,low
1009,0,4,0.0,low
1010,0,3,0.0,low
1015,2,7,0.2857,moderately low
1016,4,12,0.3333,moderately low
1018,1,5,0.2,low
1020,0,1,0.0,low
1025,10,14,0.7143,moderately high
1028,1,3,0.3333,moderately low
1029,1,1,1.0,high
1032,1,1,1.0,high
1033,1,1,1.0,high
1034,0,1,0.0,low
1035,1,2,0.5,moderately high
1038,1,1,1.0,high
1040,0,1,0.0,low
1041,9,17,0.5294,moderately high
1042,1,1,1.0,high
1043,5,6,0.8333,high
1044,0,1,0.0,low
1046,1,1,1.0,high
1051,0,2,0.0,low
1055,0,3,0.0,low
1057,1,3,0.3333,moderately low
1059,1,2,0.5,moderately high
1061,0,2,0.0,low
1062,0,5,0.0,low
1063,1,1,1.0,high
1065,8,17,0.4706,moderately low
1070,0,1,0.0,low
1071,1,1,1.0,high
1072,5,5,1.0,high
1073,1,3,0.3333,moderately low
1074,1,2,0.5,moderately high
1075,1,2,0.5,moderately high
1077,112,204,0.549,moderately high
1079,0,3,0.0,low
1080,1,2,0.5,moderately high
1083,15,27,0.5556,moderately high
1084,5,7,0.7143,moderately high
1087,1,1,1.0,high
1088,0,2,0.0,low
1090,0,9,0.0,low
1093,1,3,0.3333,moderately low
1096,0,1,0.0,low
1097,3,7,0.4286,moderately low
1103,0,1,0.0,low
1106,1,1,1.0,high
1108,1,1,1.0,high
1111,1,3,0.3333,moderately low
1113,10,20,0.5,moderately high
1115,1,2,0.5,moderately high
1116,2,4,0.5,moderately high
1117,3,3,1.0,high
1118,1,1,1.0,high
1119,0,1,0.0,low
1122,4,8,0.5,moderately high
1123,1,8,0.125,low
1124,0,2,0.0,low
1125,3,3,1.0,high
1128,0,1,0.0,low
1129,0,6,0.0,low
1132,4,5,0.8,high
1133,2,3,0.6667,moderately high
1138,4,6,0.6667,moderately high
1139,5,10,0.5,moderately high
1140,3,6,0.5,moderately high
1141,1,9,0.1111,low
1144,67,84,0.7976,high
1145,0,3,0.0,low
1146,3,7,0.4286,moderately low
1150,0,1,0.0,low
1151,1,3,0.3333,moderately low
1157,1,3,0.3333,moderately low
1158,4,5,0.8,high
1159,0,1,0.0,low
1160,1,2,0.5,moderately high
1162,1,2,0.5,moderately high
1163,0,1,0.0,low
1164,5,7,0.7143,moderately high
1165,0,1,0.0,low
1166,1,2,0.5,moderately high
1167,3,10,0.3,moderately low
1168,1,2,0.5,moderately high
1169,0,1,0.0,low
1170,1,2,0.5,moderately high
1172,20,24,0.8333,high
1175,0,4,0.0,low
1179,1,2,0.5,moderately high
1182,1,1,1.0,high
1186,0,1,0.0,low
1187,1,4,0.25,moderately low
1189,2,4,0.5,moderately high
1190,0,5,0.0,low
1195,4,4,1.0,high
1196,14,33,0.4242,moderately low
1197,0,3,0.0,low
1211,2,2,1.0,high
1212,2,2,1.0,high
1214,0,1,0.0,low
1215,0,2,0.0,low
1220,1,3,0.3333,moderately low
1221,1,4,0.25,moderately low
1223,5,8,0.625,moderately high
1227,3,5,0.6,moderately high
1230,1,2,0.5,moderately high
1235,0,1,0.0,low
1236,3,5,0.6,moderately high
1237,3,5,0.6,moderately high
1238,1,1,1.0,high
1239,0,2,0.0,low
1240,0,1,0.0,low
1241,6,7,0.8571,high
1244,2,4,0.5,moderately high
1245,1,2,0.5,moderately high
1248,6,9,0.6667,moderately high
1252,3,4,0.75,high
1253,3,5,0.6,moderately high
1257,4,4,1.0,high
1258,1,2,0.5,moderately high
1260,1,2,0.5,moderately high
1262,5,13,0.3846,moderately low
1264,0,1,0.0,low
1265,1,4,0.25,moderately low
1274,1,4,0.25,moderately low
1275,1,4,0.25,moderately low
1276,3,5,0.6,moderately high
1277,0,1,0.0,low
1281,2,3,0.6667,moderately high
1282,0,1,0.0,low
1289,0,1,0.0,low
1290,0,1,0.0,low
1291,0,1,0.0,low
1295,1,1,1.0,high
1296,0,9,0.0,low
1298,0,1,0.0,low
1303,0,2,0.0,low
1308,1,3,0.3333,moderately low
1309,0,1,0.0,low
1311,1,3,0.3333,moderately low
1312,1,5,0.2,low
1313,1,1,1.0,high
1316,1,1,1.0,high
1318,4,6,0.6667,moderately high
1319,1,3,0.3333,moderately low
1321,1,3,0.3333,moderately low
1323,54,126,0.4286,moderately low
1324,1,1,1.0,high
1329,1,1,1.0,high
1330,2,2,1.0,high
1332,8,17,0.4706,moderately low
1333,5,18,0.2778,moderately low
1335,0,1,0.0,low
1336,0,1,0.0,low
1337,3,3,1.0,high
1338,2,5,0.4,moderately low
1339,2,6,0.3333,moderately low
1342,0,1,0.0,low
1349,1,2,0.5,moderately high
1351,5,5,1.0,high
1352,1,4,0.25,moderately low
1355,2,3,0.6667,moderately high
1358,0,1,0.0,low
1359,1,5,0.2,low
1363,1,1,1.0,high
1365,1,5,0.2,low
1366,0,1,0.0,low
1368,4,4,1.0,high
1369,0,1,0.0,low
1372,14,19,0.7368,moderately high
1373,0,2,0.0,low
1374,2,7,0.2857,moderately low
1377,4,6,0.6667,moderately high
1385,4,12,0.3333,moderately low
1387,7,14,0.5,moderately high
1389,0,2,0.0,low
1390,2,2,1.0,high
1393,2,2,1.0,high
1394,7,36,0.1944,low
1395,1,2,0.5,moderately high
1398,3,6,0.5,moderately high
1399,3,4,0.75,high
1400,3,6,0.5,moderately high
1401,411,1326,0.31,moderately low
1402,40,84,0.4762,moderately low
1403,19,40,0.475,moderately low
1404,162,667,0.2429,low
1405,75,236,0.3178,moderately low
1406,25,67,0.3731,moderately low
1409,269,881,0.3053,moderately low
1410,3,11,0.2727,moderately low
1411,17,65,0.2615,moderately low
1412,270,477,0.566,moderately high
1413,46,97,0.4742,moderately low
1414,87,182,0.478,moderately low
1415,756,2934,0.2577,moderately low
1416,199,378,0.5265,moderately high
1417,47,167,0.2814,moderately low
1419,50,99,0.5051,moderately high
1421,50,88,0.5682,moderately high
1422,97,243,0.3992,moderately low
1423,10,39,0.2564,moderately low
1424,1,2,0.5,moderately high
1425,1,5,0.2,low
1426,1,2,0.5,moderately high
1427,3,15,0.2,low
1428,10,37,0.2703,moderately low
1429,3,6,0.5,moderately high
1431,1,2,0.5,moderately high
1434,0,1,0.0,low
1436,28,205,0.1366,low
1437,277,528,0.5246,moderately high
1439,0,13,0.0,low
1440,177,269,0.658,moderately high
1441,21,72,0.2917,moderately low
1442,191,410,0.4659,moderately low
1443,0,3,0.0,low
1444,179,287,0.6237,moderately high
1445,657,1176,0.5587,moderately high
1446,5,95,0.0526,low
1447,6,80,0.075,low
1455,0,1,0.0,low
1460,0,3,0.0,low
1462,1,1,1.0,high
1464,24,47,0.5106,moderately high
1465,106,209,0.5072,moderately high
1466,14,65,0.2154,low
1468,253,439,0.5763,moderately high
1469,561,1040,0.5394,moderately high
1470,676,1738,0.389,moderately low
1471,321,403,0.7965,high
1472,6,154,0.039,low
1473,118,516,0.2287,low
1474,196,418,0.4689,moderately low
1475,50,345,0.1449,low
1476,120,353,0.3399,moderately low
1477,217,478,0.454,moderately low
1478,53,146,0.363,moderately low
1479,206,360,0.5722,moderately high
1480,71,170,0.4176,moderately low
1481,18,56,0.3214,moderately low
1482,11,35,0.3143,moderately low
1483,98,203,0.4828,moderately low
1484,166,314,0.5287,moderately high
1485,334,747,0.4471,moderately low
1486,125,376,0.3324,moderately low
1487,119,275,0.4327,moderately low
1488,266,445,0.5978,moderately high
1489,176,579,0.304,moderately low
1490,154,243,0.6337,moderately high
1491,203,341,0.5953,moderately high
1492,119,396,0.3005,moderately low
1493,38,51,0.7451,moderately high
1494,32,69,0.4638,moderately low
1495,30,39,0.7692,high
1496,162,356,0.4551,moderately low
1497,253,513,0.4932,moderately low
1498,213,505,0.4218,moderately low
1499,110,201,0.5473,moderately high
1500,112,411,0.2725,moderately low
1501,67,165,0.4061,moderately low
1502,70,146,0.4795,moderately low
1503,45,161,0.2795,moderately low
1504,129,213,0.6056,moderately high
1505,345,938,0.3678,moderately low
1506,195,601,0.3245,moderately low
1507,189,763,0.2477,low
1508,109,174,0.6264,moderately high
1509,38,119,0.3193,moderately low
1510,40,78,0.5128,moderately high
1511,26,35,0.7429,moderately high
1512,318,784,0.4056,moderately low
1513,138,255,0.5412,moderately high
1514,44,104,0.4231,moderately low
1515,15,56,0.2679,moderately low
1516,89,212,0.4198,moderately low
1517,352,881,0.3995,moderately low
1518,463,971,0.4768,moderately low
1519,94,372,0.2527,moderately low
1520,203,496,0.4093,moderately low
1521,115,180,0.6389,moderately high
1522,304,447,0.6801,moderately high
1523,24,61,0.3934,moderately low
1524,12,28,0.4286,moderately low
1525,67,91,0.7363,moderately high
1526,168,356,0.4719,moderately low
1527,21,75,0.28,moderately low
1528,4,10,0.4,moderately low
1529,174,266,0.6541,moderately high
1530,230,316,0.7278,moderately high
1531,22,65,0.3385,moderately low
1532,829,2821,0.2939,moderately low
1533,136,234,0.5812,moderately high
1534,210,489,0.4294,moderately low
1535,141,369,0.3821,moderately low
1536,128,227,0.5639,moderately high
1537,113,204,0.5539,moderately high
1538,59,136,0.4338,moderately low
1539,72,273,0.2637,moderately low
1540,37,57,0.6491,moderately high
1541,102,225,0.4533,moderately low
1542,225,358,0.6285,moderately high
1543,25,62,0.4032,moderately low
1544,142,280,0.5071,moderately high
1545,23,46,0.5,moderately high
1546,723,1779,0.4064,moderately low
1547,257,768,0.3346,moderately low
1548,143,438,0.3265,moderately low
1549,75,121,0.6198,moderately high
1550,181,316,0.5728,moderately high
1551,90,208,0.4327,moderately low
1552,231,354,0.6525,moderately high
1553,181,275,0.6582,moderately high
1554,345,561,0.615,moderately high
1555,58,145,0.4,moderately low
1556,238,537,0.4432,moderately low
1557,80,181,0.442,moderately low
1558,226,383,0.5901,moderately high
1559,53,103,0.5146,moderately high
1560,220,401,0.5486,moderately high
1561,99,140,0.7071,moderately high
1562,120,267,0.4494,moderately low
1563,101,154,0.6558,moderately high
1564,88,141,0.6241,moderately high
1565,48,98,0.4898,moderately low
1566,79,121,0.6529,moderately high
1567,111,170,0.6529,moderately high
1568,93,351,0.265,moderately low
1569,201,414,0.4855,moderately low
1570,150,207,0.7246,moderately high
1571,156,234,0.6667,moderately high
1572,108,171,0.6316,moderately high
1573,22,100,0.22,low
1574,210,437,0.4805,moderately low
1575,67,140,0.4786,moderately low
1576,292,551,0.5299,moderately high
1577,165,296,0.5574,moderately high
1578,148,315,0.4698,moderately low
1579,115,216,0.5324,moderately high
1580,50,79,0.6329,moderately high
1581,322,541,0.5952,moderately high
1582,151,266,0.5677,moderately high
1583,51,105,0.4857,moderately low
1584,24,46,0.5217,moderately high
1585,26,65,0.4,moderately low
1586,60,104,0.5769,moderately high
1587,3,10,0.3,moderately low
1588,218,372,0.586,moderately high
1589,146,349,0.4183,moderately low
1590,5,8,0.625,moderately high
1591,85,164,0.5183,moderately high
1592,99,184,0.538,moderately high
1593,180,331,0.5438,moderately high
1594,178,340,0.5235,moderately high
1595,113,210,0.5381,moderately high
1596,109,172,0.6337,moderately high
1597,87,168,0.5179,moderately high
1598,79,222,0.3559,moderately low
1599,157,284,0.5528,moderately high
1600,193,310,0.6226,moderately high
1601,195,297,0.6566,moderately high
1602,5,18,0.2778,moderately low
1603,62,135,0.4593,moderately low
1604,38,144,0.2639,moderately low
1605,34,166,0.2048,low
1606,89,154,0.5779,moderately high
1607,892,1714,0.5204,moderately high
1608,85,146,0.5822,moderately high
1609,89,166,0.5361,moderately high
1610,39,76,0.5132,moderately high
1611,24,41,0.5854,moderately high
1612,54,122,0.4426,moderately low
1613,177,299,0.592,moderately high
1614,21,31,0.6774,moderately high
1615,210,355,0.5915,moderately high
1616,10,44,0.2273,low
1617,105,316,0.3323,moderately low
1618,145,260,0.5577,moderately high
1619,46,166,0.2771,moderately low
1620,227,551,0.412,moderately low
1621,156,288,0.5417,moderately high
1622,252,473,0.5328,moderately high
1623,422,953,0.4428,moderately low
1624,452,682,0.6628,moderately high
1625,147,222,0.6622,moderately high
1626,111,211,0.5261,moderately high
1627,22,49,0.449,moderately low
1628,290,905,0.3204,moderately low
1629,46,201,0.2289,low
1630,605,1208,0.5008,moderately high
1631,28,126,0.2222,low
1632,28,61,0.459,moderately low
1633,122,243,0.5021,moderately high
1634,236,395,0.5975,moderately high
1635,197,426,0.4624,moderately low
1636,203,259,0.7838,high
1637,224,412,0.5437,moderately high
1638,213,432,0.4931,moderately low
1639,159,286,0.5559,moderately high
1640,336,564,0.5957,moderately high
1641,127,270,0.4704,moderately low
1642,202,279,0.724,moderately high
1643,20,51,0.3922,moderately low
1644,25,37,0.6757,moderately high
1645,127,267,0.4757,moderately low
1646,15,47,0.3191,moderately low
1647,233,466,0.5,moderately high
1648,24,52,0.4615,moderately low
1649,15,50,0.3,moderately low
1650,19,55,0.3455,moderately low
1651,166,285,0.5825,moderately high
1652,265,838,0.3162,moderately low
1653,49,95,0.5158,moderately high
1654,61,96,0.6354,moderately high
1655,83,129,0.6434,moderately high
1656,380,746,0.5094,moderately high
1657,292,459,0.6362,moderately high
1658,52,92,0.5652,moderately high
1659,42,96,0.4375,moderately low
1660,113,223,0.5067,moderately high
1661,234,497,0.4708,moderately low
1662,48,108,0.4444,moderately low
1663,12,20,0.6,moderately high
1664,336,797,0.4216,moderately low
1665,33,61,0.541,moderately high
1666,272,603,0.4511,moderately low
1667,279,352,0.7926,high
1668,21,44,0.4773,moderately low
1669,488,761,0.6413,moderately high
1670,243,432,0.5625,moderately high
1671,6,26,0.2308,low
1672,45,100,0.45,moderately low
1673,67,156,0.4295,moderately low
1674,66,142,0.4648,moderately low
1675,86,138,0.6232,moderately high
1676,38,62,0.6129,moderately high
1677,137,447,0.3065,moderately low
1678,33,70,0.4714,moderately low
1679,21,34,0.6176,moderately high
1680,24,50,0.48,moderately low
1681,83,233,0.3562,moderately low
1682,104,179,0.581,moderately high
1683,25,77,0.3247,moderately low
1684,86,181,0.4751,moderately low
1685,166,277,0.5993,moderately high
1686,31,56,0.5536,moderately high
1687,192,488,0.3934,moderately low
1688,31,73,0.4247,moderately low
1689,10,32,0.3125,moderately low
1690,75,110,0.6818,moderately high
1691,171,291,0.5876,moderately high
1692,170,341,0.4985,moderately low
1693,73,134,0.5448,moderately high
1694,80,154,0.5195,moderately high
1695,35,80,0.4375,moderately low
1696,29,51,0.5686,moderately high
1697,196,339,0.5782,moderately high
1698,88,145,0.6069,moderately high
1699,218,346,0.6301,moderately high
1700,198,296,0.6689,moderately high
1701,40,166,0.241,low
1702,225,477,0.4717,moderately low
1703,161,332,0.4849,moderately low
1704,206,415,0.4964,moderately low
1705,189,280,0.675,moderately high
1706,61,104,0.5865,moderately high
1707,11,32,0.3438,moderately low
1708,30,62,0.4839,moderately low
1709,295,535,0.5514,moderately high
1710,101,216,0.4676,moderately low
1711,117,211,0.5545,moderately high
1712,49,110,0.4455,moderately low
1713,104,180,0.5778,moderately high
1714,90,200,0.45,moderately low
1715,19,42,0.4524,moderately low
1716,75,171,0.4386,moderately low
1717,74,166,0.4458,moderately low
1718,235,602,0.3904,moderately low
1719,102,175,0.5829,moderately high
1720,78,133,0.5865,moderately high
1722,89,144,0.6181,moderately high
1723,12,111,0.1081,low
1724,34,59,0.5763,moderately high
1726,80,153,0.5229,moderately high
1727,19,43,0.4419,moderately low
1728,67,145,0.4621,moderately low
1729,11,55,0.2,low
1730,65,99,0.6566,moderately high
1731,27,38,0.7105,moderately high
1732,31,62,0.5,moderately high
1733,55,116,0.4741,moderately low
1734,78,131,0.5954,moderately high
1735,170,290,0.5862,moderately high
1736,185,328,0.564,moderately high
1737,88,207,0.4251,moderately low
1738,52,117,0.4444,moderately low
1739,100,268,0.3731,moderately low
1740,48,107,0.4486,moderately low
1741,195,349,0.5587,moderately high
1742,110,213,0.5164,moderately high
1743,59,173,0.341,moderately low
1744,32,91,0.3516,moderately low
1745,150,270,0.5556,moderately high
1746,28,136,0.2059,low
1747,190,321,0.5919,moderately high
1748,139,954,0.1457,low
1749,296,665,0.4451,moderately low
1750,143,397,0.3602,moderately low
1751,49,105,0.4667,moderately low
1752,29,41,0.7073,moderately high
1753,51,131,0.3893,moderately low
1754,14,38,0.3684,moderately low
1755,115,219,0.5251,moderately high
1756,181,354,0.5113,moderately high
1757,118,440,0.2682,moderately low
1758,185,333,0.5556,moderately high
1759,48,66,0.7273,moderately high
1760,539,797,0.6763,moderately high
1762,37,165,0.2242,low
1764,140,219,0.6393,moderately high
1766,45,84,0.5357,moderately high
1767,23,50,0.46,moderately low
1768,145,274,0.5292,moderately high
1769,45,94,0.4787,moderately low
1770,33,94,0.3511,moderately low
1771,127,223,0.5695,moderately high
1772,209,400,0.5225,moderately high
1773,34,128,0.2656,moderately low
1774,6,20,0.3,moderately low
1775,23,52,0.4423,moderately low
1776,19,49,0.3878,moderately low
1777,186,362,0.5138,moderately high
1778,14,52,0.2692,moderately low
1779,59,110,0.5364,moderately high
1780,37,95,0.3895,moderately low
1781,69,155,0.4452,moderately low
1782,284,394,0.7208,moderately high
1783,65,180,0.3611,moderately low
1784,46,128,0.3594,moderately low
1785,44,97,0.4536,moderately low
1786,76,188,0.4043,moderately low
1787,22,51,0.4314,moderately low
1788,120,252,0.4762,moderately low
1789,13,41,0.3171,moderately low
1790,5,17,0.2941,moderately low
1791,132,215,0.614,moderately high
1792,19,45,0.4222,moderately low
1793,23,42,0.5476,moderately high
1794,28,69,0.4058,moderately low
1795,93,237,0.3924,moderately low
1796,36,61,0.5902,moderately high
1797,61,105,0.581,moderately high
1798,17,34,0.5,moderately high
1799,167,233,0.7167,moderately high
1800,51,102,0.5,moderately high
1801,8,30,0.2667,moderately low
1802,107,307,0.3485,moderately low
1803,27,46,0.587,moderately high
1804,67,193,0.3472,moderately low
1805,3,18,0.1667,low
1806,270,860,0.314,moderately low
1807,165,263,0.6274,moderately high
1808,146,246,0.5935,moderately high
1809,24,64,0.375,moderately low
1810,109,203,0.5369,moderately high
1811,52,90,0.5778,moderately high
1812,83,118,0.7034,moderately high
1813,94,161,0.5839,moderately high
1814,70,107,0.6542,moderately high
1815,164,314,0.5223,moderately high
1816,33,92,0.3587,moderately low
1817,22,35,0.6286,moderately high
1818,30,56,0.5357,moderately high
1819,31,44,0.7045,moderately high
1820,28,72,0.3889,moderately low
1821,95,167,0.5689,moderately high
1822,94,149,0.6309,moderately high
1823,30,44,0.6818,moderately high
1824,55,172,0.3198,moderately low
1825,72,118,0.6102,moderately high
1826,155,249,0.6225,moderately high
1827,125,206,0.6068,moderately high
1828,81,161,0.5031,moderately high
1830,16,77,0.2078,low
1831,31,56,0.5536,moderately high
1832,57,117,0.4872,moderately low
1833,60,96,0.625,moderately high
1834,9,52,0.1731,low
1835,15,64,0.2344,low
1836,62,99,0.6263,moderately high
1837,142,198,0.7172,moderately high
1838,60,151,0.3974,moderately low
1839,52,76,0.6842,moderately high
1840,108,164,0.6585,moderately high
1841,6,16,0.375,moderately low
1842,52,113,0.4602,moderately low
1843,26,56,0.4643,moderately low
1845,71,146,0.4863,moderately low
1846,4,18,0.2222,low
1847,196,381,0.5144,moderately high
1848,63,91,0.6923,moderately high
1849,95,205,0.4634,moderately low
1850,273,473,0.5772,moderately high
1851,137,261,0.5249,moderately high
1852,59,116,0.5086,moderately high
1853,10,25,0.4,moderately low
1854,5,16,0.3125,moderately low
1855,39,105,0.3714,moderately low
1856,23,55,0.4182,moderately low
1857,107,205,0.522,moderately high
1858,46,146,0.3151,moderately low
1859,65,97,0.6701,moderately high
1860,82,177,0.4633,moderately low
1861,138,251,0.5498,moderately high
1862,33,52,0.6346,moderately high
1863,41,76,0.5395,moderately high
1864,280,423,0.6619,moderately high
1865,108,220,0.4909,moderately low
1866,28,86,0.3256,moderately low
1867,81,166,0.488,moderately low
1868,16,125,0.128,low
1869,80,136,0.5882,moderately high
1870,6,17,0.3529,moderately low
1871,103,274,0.3759,moderately low
1872,52,88,0.5909,moderately high
1873,5,18,0.2778,moderately low
1874,42,63,0.6667,moderately high
1875,6,22,0.2727,moderately low
1876,21,78,0.2692,moderately low
1877,2,16,0.125,low
1878,27,54,0.5,moderately high
1879,36,61,0.5902,moderately high
1880,17,37,0.4595,moderately low
1881,47,91,0.5165,moderately high
1882,54,99,0.5455,moderately high
1883,48,116,0.4138,moderately low
1884,133,236,0.5636,moderately high
1885,55,86,0.6395,moderately high
1886,66,110,0.6,moderately high
1887,84,134,0.6269,moderately high
1888,23,68,0.3382,moderately low
1889,35,50,0.7,moderately high
1890,31,51,0.6078,moderately high
1891,18,58,0.3103,moderately low
1892,16,33,0.4848,moderately low
1894,63,218,0.289,moderately low
1895,133,178,0.7472,moderately high
1896,45,60,0.75,high
1897,97,217,0.447,moderately low
1898,19,58,0.3276,moderately low
1899,14,46,0.3043,moderately low
1900,64,144,0.4444,moderately low
1901,7,22,0.3182,moderately low
1902,24,87,0.2759,moderately low
1903,59,103,0.5728,moderately high
1904,0,15,0.0,low
1905,3,7,0.4286,moderately low
1906,1,5,0.2,low
1907,19,101,0.1881,low
1908,5,9,0.5556,moderately high
1909,6,26,0.2308,low
1910,7,38,0.1842,low
1911,4,18,0.2222,low
1912,72,118,0.6102,moderately high
1913,24,41,0.5854,moderately high
1914,0,10,0.0,low
1915,17,54,0.3148,moderately low
1916,21,69,0.3043,moderately low
1917,34,68,0.5,moderately high
1918,2,8,0.25,moderately low
1919,17,100,0.17,low
1920,16,55,0.2909,moderately low
1921,101,167,0.6048,moderately high
1922,201,303,0.6634,moderately high
1923,6,40,0.15,low
1924,132,190,0.6947,moderately high
1925,154,239,0.6444,moderately high
1926,6,31,0.1935,low
1927,41,142,0.2887,moderately low
1928,6,10,0.6,moderately high
1930,133,240,0.5542,moderately high
1931,17,51,0.3333,moderately low
1932,103,190,0.5421,moderately high
1933,92,199,0.4623,moderately low
1934,1,4,0.25,moderately low
1935,5,22,0.2273,low
1936,226,340,0.6647,moderately high
1937,30,60,0.5,moderately high
1938,24,75,0.32,moderately low
1940,19,21,0.9048,high
1941,1,4,0.25,moderately low
1942,13,23,0.5652,moderately high
1943,3,22,0.1364,low
1944,101,137,0.7372,moderately high
1945,7,35,0.2,low
1946,20,63,0.3175,moderately low
1947,2,6,0.3333,moderately low
1948,135,220,0.6136,moderately high
1949,2,11,0.1818,low
1950,31,42,0.7381,moderately high
1951,0,50,0.0,low
1952,11,27,0.4074,moderately low
1953,21,41,0.5122,moderately high
1954,40,85,0.4706,moderately low
1955,19,62,0.3065,moderately low
1956,58,115,0.5043,moderately high
1957,4,44,0.0909,low
1958,193,337,0.5727,moderately high
1959,13,58,0.2241,low
1960,22,66,0.3333,moderately low
1961,20,100,0.2,low
1962,66,126,0.5238,moderately high
1963,15,69,0.2174,low
1964,71,103,0.6893,moderately high
1965,32,76,0.4211,moderately low
1966,30,73,0.411,moderately low
1967,13,27,0.4815,moderately low
1968,23,35,0.6571,moderately high
1969,22,60,0.3667,moderately low
1970,1,14,0.0714,low
1971,6,20,0.3,moderately low
1972,32,52,0.6154,moderately high
1973,39,84,0.4643,moderately low
1974,3,5,0.6,moderately high
1975,2,7,0.2857,moderately low
1977,145,216,0.6713,moderately high
1978,3,22,0.1364,low
1980,7,14,0.5,moderately high
1981,71,156,0.4551,moderately low
1982,32,81,0.3951,moderately low
1983,24,45,0.5333,moderately high
1984,12,37,0.3243,moderately low
1985,7,44,0.1591,low
1986,10,44,0.2273,low
1987,8,32,0.25,moderately low
1988,9,26,0.3462,moderately low
1989,22,38,0.5789,moderately high
1990,15,26,0.5769,moderately high
1991,4,34,0.1176,low
1992,10,44,0.2273,low
1993,5,19,0.2632,moderately low
1994,16,108,0.1481,low
1995,3,11,0.2727,moderately low
1996,7,33,0.2121,low
1997,3,16,0.1875,low
1998,2,8,0.25,moderately low
1999,41,64,0.6406,moderately high
2000,28,55,0.5091,moderately high
2001,43,67,0.6418,moderately high
2002,8,21,0.381,moderately low
2003,23,60,0.3833,moderately low
2004,6,13,0.4615,moderately low
2005,6,22,0.2727,moderately low
2006,4,22,0.1818,low
2007,0,14,0.0,low
2008,40,57,0.7018,moderately high
2009,44,105,0.419,moderately low
2010,261,373,0.6997,moderately high
2011,37,56,0.6607,moderately high
2013,3,12,0.25,moderately low
2014,26,72,0.3611,moderately low
2015,69,124,0.5565,moderately high
2016,39,75,0.52,moderately high
2017,27,54,0.5,moderately high
2018,18,63,0.2857,moderately low
2019,22,97,0.2268,low
2020,23,54,0.4259,moderately low
2021,2,19,0.1053,low
2022,8,20,0.4,moderately low
2023,49,81,0.6049,moderately high
2024,28,55,0.5091,moderately high
2025,2,36,0.0556,low
2026,4,43,0.093,low
2027,4,18,0.2222,low
2028,74,155,0.4774,moderately low
2029,26,61,0.4262,moderately low
2030,28,48,0.5833,moderately high
2031,5,8,0.625,moderately high
2032,1,2,0.5,moderately high
2033,24,37,0.6486,moderately high
2034,2,4,0.5,moderately high
2035,3,5,0.6,moderately high
2036,8,24,0.3333,moderately low
2037,25,66,0.3788,moderately low
2038,30,46,0.6522,moderately high
2039,16,30,0.5333,moderately high
2040,34,55,0.6182,moderately high
2042,27,58,0.4655,moderately low
2043,9,37,0.2432,low
2044,20,75,0.2667,moderately low
2045,35,66,0.5303,moderately high
2046,27,37,0.7297,moderately high
2047,17,25,0.68,moderately high
2048,19,51,0.3725,moderately low
2049,14,30,0.4667,moderately low
2050,15,25,0.6,moderately high
2051,23,36,0.6389,moderately high
2052,12,30,0.4,moderately low
2053,21,36,0.5833,moderately high
2054,5,19,0.2632,moderately low
2055,1,6,0.1667,low
2056,39,79,0.4937,moderately low
2057,13,20,0.65,moderately high
2058,51,89,0.573,moderately high
2059,2,8,0.25,moderately low
2060,4,17,0.2353,low
2061,10,36,0.2778,moderately low
2062,32,55,0.5818,moderately high
2063,8,19,0.4211,moderately low
2064,37,96,0.3854,moderately low
2065,17,170,0.1,low
2066,73,140,0.5214,moderately high
2067,6,16,0.375,moderately low
2068,11,18,0.6111,moderately high
2069,0,2,0.0,low
2070,19,55,0.3455,moderately low
2071,7,45,0.1556,low
2072,19,35,0.5429,moderately high
2073,63,88,0.7159,moderately high
2074,25,51,0.4902,moderately low
2075,34,79,0.4304,moderately low
2076,9,52,0.1731,low
2077,13,41,0.3171,moderately low
2078,17,39,0.4359,moderately low
2079,16,62,0.2581,moderately low
2080,207,395,0.5241,moderately high
2081,30,56,0.5357,moderately high
2082,52,103,0.5049,moderately high
2083,19,30,0.6333,moderately high
2084,27,118,0.2288,low
2085,3,59,0.0508,low
2086,73,174,0.4195,moderately low
2087,24,43,0.5581,moderately high
2088,34,82,0.4146,moderately low
2089,12,42,0.2857,moderately low
2090,2,13,0.1538,low
2091,77,99,0.7778,high
2092,79,115,0.687,moderately high
2093,17,60,0.2833,moderately low
2094,0,32,0.0,low
2095,2,5,0.4,moderately low
2096,20,46,0.4348,moderately low
2097,16,32,0.5,moderately high
2098,25,42,0.5952,moderately high
2099,39,58,0.6724,moderately high
2100,9,146,0.0616,low
2101,32,118,0.2712,moderately low
2102,7,16,0.4375,moderately low
2103,1,23,0.0435,low
2104,44,77,0.5714,moderately high
2105,15,61,0.2459,low
2106,13,32,0.4062,moderately low
2107,13,30,0.4333,moderately low
2108,0,36,0.0,low
2109,33,71,0.4648,moderately low
2110,2,15,0.1333,low
2111,3,11,0.2727,moderately low
2112,12,51,0.2353,low
2113,52,82,0.6341,moderately high
2114,0,8,0.0,low
2115,0,20,0.0,low
2116,98,187,0.5241,moderately high
2117,2,5,0.4,moderately low
2118,20,52,0.3846,moderately low
2119,20,30,0.6667,moderately high
2120,0,2,0.0,low
2121,0,18,0.0,low
2122,4,29,0.1379,low
2123,3,6,0.5,moderately high
2124,0,9,0.0,low
2125,5,14,0.3571,moderately low
2126,8,29,0.2759,moderately low
2127,1,5,0.2,low
2128,2,15,0.1333,low
2129,34,70,0.4857,moderately low
2130,3,23,0.1304,low
2131,11,21,0.5238,moderately high
2132,10,17,0.5882,moderately high
2133,1,10,0.1,low
2135,22,49,0.449,moderately low
2136,15,53,0.283,moderately low
2137,29,46,0.6304,moderately high
2139,8,15,0.5333,moderately high
2140,8,23,0.3478,moderately low
2141,20,32,0.625,moderately high
2143,27,42,0.6429,moderately high
2144,52,73,0.7123,moderately high
2145,7,12,0.5833,moderately high
2146,0,15,0.0,low
2147,0,22,0.0,low
2148,1,40,0.025,low
2149,136,207,0.657,moderately high
2150,8,13,0.6154,moderately high
2151,8,25,0.32,moderately low
2152,5,15,0.3333,moderately low
2153,2,4,0.5,moderately high
2154,13,58,0.2241,low
2155,3,27,0.1111,low
2156,3,12,0.25,moderately low
2157,1,4,0.25,moderately low
2158,3,41,0.0732,low
2159,0,6,0.0,low
2160,0,12,0.0,low
2161,21,63,0.3333,moderately low
2162,4,45,0.0889,low
2163,4,9,0.4444,moderately low
2164,5,21,0.2381,low
2165,3,23,0.1304,low
2166,33,72,0.4583,moderately low
2167,5,10,0.5,moderately high
2168,16,32,0.5,moderately high
2169,35,75,0.4667,moderately low
2170,20,28,0.7143,moderately high
2171,19,27,0.7037,moderately high
2172,24,75,0.32,moderately low
2173,12,39,0.3077,moderately low
2174,14,28,0.5,moderately high
2175,13,35,0.3714,moderately low
2176,7,12,0.5833,moderately high
2179,9,24,0.375,moderately low
2180,14,33,0.4242,moderately low
2181,4,26,0.1538,low
2182,0,3,0.0,low
2183,11,34,0.3235,moderately low
2184,3,6,0.5,moderately high
2187,4,12,0.3333,moderately low
2189,1,5,0.2,low
2190,15,30,0.5,moderately high
2191,4,14,0.2857,moderately low
2193,12,30,0.4,moderately low
2194,9,20,0.45,moderately low
2195,0,1,0.0,low
2196,25,50,0.5,moderately high
2197,14,32,0.4375,moderately low
2198,90,179,0.5028,moderately high
2199,1,9,0.1111,low
2201,9,15,0.6,moderately high
2202,1,3,0.3333,moderately low
2203,5,20,0.25,moderately low
2204,0,1,0.0,low
2205,0,4,0.0,low
2206,12,32,0.375,moderately low
2207,1,9,0.1111,low
2208,5,15,0.3333,moderately low
2209,5,5,1.0,high
2210,0,1,0.0,low
2211,0,1,0.0,low
2213,0,5,0.0,low
2214,4,15,0.2667,moderately low
2215,6,13,0.4615,moderately low
2216,8,14,0.5714,moderately high
2217,2,11,0.1818,low
2218,0,5,0.0,low
2219,0,3,0.0,low
2220,1,2,0.5,moderately high
2221,3,12,0.25,moderately low
2224,7,17,0.4118,moderately low
2226,22,35,0.6286,moderately high
2227,8,13,0.6154,moderately high
2228,0,2,0.0,low
2229,2,9,0.2222,low
2230,2,4,0.5,moderately high
2231,3,6,0.5,moderately high
2232,2,3,0.6667,moderately high
2233,0,1,0.0,low
2236,0,1,0.0,low
2237,0,1,0.0,low
2238,3,15,0.2,low
2239,3,6,0.5,moderately high
2240,1,3,0.3333,moderately low
2241,1,2,0.5,moderately high
2242,96,149,0.6443,moderately high
2243,49,117,0.4188,moderately low
2244,311,742,0.4191,moderately low
2245,162,243,0.6667,moderately high
2246,57,148,0.3851,moderately low
2247,28,67,0.4179,moderately low
2248,15,50,0.3,moderately low
2249,0,4,0.0,low
2250,75,157,0.4777,moderately low
2251,10,15,0.6667,moderately high
2252,43,120,0.3583,moderately low
2253,4,6,0.6667,moderately high
2254,74,137,0.5401,moderately high
2255,42,75,0.56,moderately high
2256,4,9,0.4444,moderately low
2257,7,18,0.3889,moderately low
2258,57,97,0.5876,moderately high
2259,1,1,1.0,high
2260,70,142,0.493,moderately low
2261,33,88,0.375,moderately low
2262,2,8,0.25,moderately low
2263,91,184,0.4946,moderately low
2264,10,39,0.2564,moderately low
2265,29,56,0.5179,moderately high
2266,2,2,1.0,high
2267,0,2,0.0,low
2268,1,2,0.5,moderately high
2269,40,98,0.4082,moderately low
2270,40,88,0.4545,moderately low
2271,0,1,0.0,low
2274,2,4,0.5,moderately high
2275,2,3,0.6667,moderately high
2276,4,8,0.5,moderately high
2277,0,1,0.0,low
2278,1,11,0.0909,low
2279,1,1,1.0,high
2280,128,205,0.6244,moderately high
2281,1,1,1.0,high
2282,1,3,0.3333,moderately low
2283,0,1,0.0,low
2284,5,24,0.2083,low
2285,10,17,0.5882,moderately high
2286,1,1,1.0,high
2287,1,1,1.0,high
2288,8,17,0.4706,moderately low
2289,2,7,0.2857,moderately low
2291,2,3,0.6667,moderately high
2292,0,2,0.0,low
2293,0,3,0.0,low
2294,0,1,0.0,low
2296,3,11,0.2727,moderately low
2297,1,1,1.0,high
2298,1,1,1.0,high
2299,1,2,0.5,moderately high
2300,0,2,0.0,low
2301,5,12,0.4167,moderately low
2302,5,6,0.8333,high
2303,2,3,0.6667,moderately high
2304,1,1,1.0,high
2305,2,5,0.4,moderately low
2306,0,1,0.0,low
2307,9,16,0.5625,moderately high
2308,4,9,0.4444,moderately low
2309,3,3,1.0,high
2311,1,1,1.0,high
2312,4,5,0.8,high
2313,1,3,0.3333,moderately low
2314,2,9,0.2222,low
2315,0,2,0.0,low
2316,0,1,0.0,low
2317,34,46,0.7391,moderately high
2318,55,146,0.3767,moderately low
2319,38,69,0.5507,moderately high
2320,5,21,0.2381,low
2321,18,22,0.8182,high
2322,0,2,0.0,low
2323,1,2,0.5,moderately high
2324,132,245,0.5388,moderately high
2325,81,123,0.6585,moderately high
2326,184,714,0.2577,moderately low
2327,35,51,0.6863,moderately high
2328,175,281,0.6228,moderately high
2329,6,15,0.4,moderately low
2330,30,63,0.4762,moderately low
2331,301,715,0.421,moderately low
2332,61,119,0.5126,moderately high
2333,15,29,0.5172,moderately high
2334,663,1984,0.3342,moderately low
2335,232,540,0.4296,moderately low
2336,376,810,0.4642,moderately low
2337,255,369,0.6911,moderately high
2338,3,3,1.0,high
2339,2,2,1.0,high
2340,3,9,0.3333,moderately low
2341,142,254,0.5591,moderately high
2342,243,496,0.4899,moderately low
2343,0,1,0.0,low
2344,194,502,0.3865,moderately low
2345,468,1392,0.3362,moderately low
2346,0,2,0.0,low
2347,98,225,0.4356,moderately low
2348,1,1,1.0,high
2349,248,907,0.2734,moderately low
2350,0,1,0.0,low
2351,1,2,0.5,moderately high
2352,88,144,0.6111,moderately high
2353,11,19,0.5789,moderately high
2354,0,1,0.0,low
2355,94,126,0.746,moderately high
2356,1,1,1.0,high
2357,15,78,0.1923,low
2358,16,43,0.3721,moderately low
2359,1,30,0.0333,low
2360,1,1,1.0,high
2361,58,92,0.6304,moderately high
2362,126,250,0.504,moderately high
2363,209,279,0.7491,moderately high
2364,71,100,0.71,moderately high
2365,14,18,0.7778,high
2366,37,60,0.6167,moderately high
2367,49,69,0.7101,moderately high
2368,227,402,0.5647,moderately high
2369,21,33,0.6364,moderately high
2370,31,110,0.2818,moderately low
2371,81,151,0.5364,moderately high
2372,239,452,0.5288,moderately high
2373,172,231,0.7446,moderately high
2374,114,203,0.5616,moderately high
2375,105,134,0.7836,high
2376,2,2,1.0,high
2377,82,123,0.6667,moderately high
2378,155,237,0.654,moderately high
2379,0,1,0.0,low
2380,59,100,0.59,moderately high
2381,166,355,0.4676,moderately low
2382,849,1202,0.7063,moderately high
2383,117,171,0.6842,moderately high
2384,284,669,0.4245,moderately low
2385,112,281,0.3986,moderately low
2386,54,103,0.5243,moderately high
2387,62,103,0.6019,moderately high
2388,41,64,0.6406,moderately high
2389,41,69,0.5942,moderately high
2390,14,28,0.5,moderately high
2391,3,6,0.5,moderately high
2392,7,20,0.35,moderately low
2393,235,379,0.6201,moderately high
2394,23,61,0.377,moderately low
2395,205,370,0.5541,moderately high
2396,129,360,0.3583,moderately low
2397,50,90,0.5556,moderately high
2398,8,32,0.25,moderately low
2399,8,16,0.5,moderately high
2400,1,9,0.1111,low
2401,682,1011,0.6746,moderately high
2402,234,375,0.624,moderately high
2403,125,223,0.5605,moderately high
2404,185,342,0.5409,moderately high
2405,401,789,0.5082,moderately high
2406,36,157,0.2293,low
2407,381,853,0.4467,moderately low
2408,91,196,0.4643,moderately low
2409,89,146,0.6096,moderately high
2410,245,397,0.6171,moderately high
2411,95,169,0.5621,moderately high
2412,64,90,0.7111,moderately high
2413,113,266,0.4248,moderately low
2414,63,90,0.7,moderately high
2415,98,160,0.6125,moderately high
2416,91,324,0.2809,moderately low
2417,130,276,0.471,moderately low
2418,121,254,0.4764,moderately low
2419,286,464,0.6164,moderately high
2420,96,148,0.6486,moderately high
2421,32,59,0.5424,moderately high
2422,166,268,0.6194,moderately high
2423,39,58,0.6724,moderately high
2424,172,257,0.6693,moderately high
2425,335,862,0.3886,moderately low
2426,138,211,0.654,moderately high
2427,40,46,0.8696,high
2428,37,162,0.2284,low
2429,180,270,0.6667,moderately high
2430,205,353,0.5807,moderately high
2431,134,215,0.6233,moderately high
2432,29,117,0.2479,low
2433,78,138,0.5652,moderately high
2434,8,19,0.4211,moderately low
2435,28,130,0.2154,low
2436,301,644,0.4674,moderately low
2437,354,570,0.6211,moderately high
2438,28,30,0.9333,high
2439,83,146,0.5685,moderately high
2440,154,312,0.4936,moderately low
2441,9,34,0.2647,moderately low
2442,60,89,0.6742,moderately high
2443,6,7,0.8571,high
2444,28,35,0.8,high
2445,5,13,0.3846,moderately low
2446,243,388,0.6263,moderately high
2447,73,135,0.5407,moderately high
2448,183,343,0.5335,moderately high
2449,165,258,0.6395,moderately high
2450,179,349,0.5129,moderately high
2451,30,129,0.2326,low
2452,155,366,0.4235,moderately low
2453,117,170,0.6882,moderately high
2454,166,324,0.5123,moderately high
2455,80,114,0.7018,moderately high
2456,105,125,0.84,high
2457,59,185,0.3189,moderately low
2458,35,58,0.6034,moderately high
2459,178,312,0.5705,moderately high
2460,32,361,0.0886,low
2461,6,52,0.1154,low
2462,38,70,0.5429,moderately high
2463,104,246,0.4228,moderately low
2464,246,525,0.4686,moderately low
2465,223,366,0.6093,moderately high
2466,47,90,0.5222,moderately high
2467,65,201,0.3234,moderately low
2468,64,138,0.4638,moderately low
2469,71,103,0.6893,moderately high
2470,229,422,0.5427,moderately high
2471,76,164,0.4634,moderately low
2472,163,228,0.7149,moderately high
2473,252,430,0.586,moderately high
2474,65,141,0.461,moderately low
2475,16,18,0.8889,high
2476,21,42,0.5,moderately high
2477,34,53,0.6415,moderately high
2478,118,271,0.4354,moderately low
2479,61,114,0.5351,moderately high
2480,60,87,0.6897,moderately high
2481,27,39,0.6923,moderately high
2482,204,348,0.5862,moderately high
2483,10,22,0.4545,moderately low
2484,30,57,0.5263,moderately high
2485,13,37,0.3514,moderately low
2486,98,182,0.5385,moderately high
2487,245,476,0.5147,moderately high
2488,62,107,0.5794,moderately high
2489,94,170,0.5529,moderately high
2490,36,76,0.4737,moderately low
2491,123,248,0.496,moderately low
2492,9,21,0.4286,moderately low
2493,76,138,0.5507,moderately high
2494,31,51,0.6078,moderately high
2495,75,113,0.6637,moderately high
2496,424,734,0.5777,moderately high
2497,76,119,0.6387,moderately high
2498,62,192,0.3229,moderately low
2499,66,117,0.5641,moderately high
2500,87,108,0.8056,high
2501,61,107,0.5701,moderately high
2502,36,55,0.6545,moderately high
2503,35,52,0.6731,moderately high
2504,36,69,0.5217,moderately high
2505,81,145,0.5586,moderately high
2506,55,95,0.5789,moderately high
2507,240,446,0.5381,moderately high
2508,89,176,0.5057,moderately high
2509,49,135,0.363,moderately low
2510,142,188,0.7553,high
2511,160,217,0.7373,moderately high
2512,179,303,0.5908,moderately high
2513,95,147,0.6463,moderately high
2514,55,91,0.6044,moderately high
2515,74,141,0.5248,moderately high
2516,31,82,0.378,moderately low
2517,119,268,0.444,moderately low
2518,76,143,0.5315,moderately high
2519,178,369,0.4824,moderately low
2520,167,297,0.5623,moderately high
2521,19,31,0.6129,moderately high
2522,53,87,0.6092,moderately high
2523,23,33,0.697,moderately high
2524,65,133,0.4887,moderately low
2525,30,53,0.566,moderately high
2526,43,84,0.5119,moderately high
2527,42,60,0.7,moderately high
2528,116,202,0.5743,moderately high
2529,80,232,0.3448,moderately low
2530,44,78,0.5641,moderately high
2531,38,67,0.5672,moderately high
2532,8,15,0.5333,moderately high
2533,72,103,0.699,moderately high
2534,28,47,0.5957,moderately high
2535,36,51,0.7059,moderately high
2536,37,59,0.6271,moderately high
2537,13,29,0.4483,moderately low
2538,88,144,0.6111,moderately high
2539,92,186,0.4946,moderately low
2540,0,2,0.0,low
2541,111,157,0.707,moderately high
2542,1,16,0.0625,low
2543,54,112,0.4821,moderately low
2544,15,20,0.75,high
2545,143,254,0.563,moderately high
2546,508,886,0.5734,moderately high
2547,176,343,0.5131,moderately high
2548,12,33,0.3636,moderately low
2549,102,215,0.4744,moderately low
2550,11,23,0.4783,moderately low
2551,48,94,0.5106,moderately high
2552,26,58,0.4483,moderately low
2553,101,231,0.4372,moderately low
2554,189,350,0.54,moderately high
2555,94,154,0.6104,moderately high
2556,24,35,0.6857,moderately high
2557,84,172,0.4884,moderately low
2558,9,51,0.1765,low
2559,57,83,0.6867,moderately high
2560,160,272,0.5882,moderately high
2561,50,73,0.6849,moderately high
2562,8,13,0.6154,moderately high
2563,29,53,0.5472,moderately high
2564,13,18,0.7222,moderately high
2565,67,107,0.6262,moderately high
2566,8,19,0.4211,moderately low
2567,17,37,0.4595,moderately low
2568,89,161,0.5528,moderately high
2569,127,224,0.567,moderately high
2570,148,229,0.6463,moderately high
2571,30,70,0.4286,moderately low
2572,73,119,0.6134,moderately high
2573,106,197,0.5381,moderately high
2574,46,82,0.561,moderately high
2575,19,38,0.5,moderately high
2576,34,63,0.5397,moderately high
2577,161,692,0.2327,low
2578,107,303,0.3531,moderately low
2579,41,68,0.6029,moderately high
2580,7,50,0.14,low
2581,71,106,0.6698,moderately high
2582,35,62,0.5645,moderately high
2583,20,47,0.4255,moderately low
2584,10,19,0.5263,moderately high
2585,94,126,0.746,moderately high
2586,136,270,0.5037,moderately high
2587,2,14,0.1429,low
2588,48,99,0.4848,moderately low
2589,44,73,0.6027,moderately high
2590,119,230,0.5174,moderately high
2591,23,39,0.5897,moderately high
2592,13,42,0.3095,moderately low
2593,206,437,0.4714,moderately low
2594,79,125,0.632,moderately high
2595,21,39,0.5385,moderately high
2596,115,219,0.5251,moderately high
2597,2,8,0.25,moderately low
2598,16,44,0.3636,moderately low
2599,24,38,0.6316,moderately high
2600,27,38,0.7105,moderately high
2601,84,180,0.4667,moderately low
2602,15,60,0.25,moderately low
2603,36,66,0.5455,moderately high
2604,6,78,0.0769,low
2605,250,358,0.6983,moderately high
2606,21,48,0.4375,moderately low
2607,24,70,0.3429,moderately low
2608,69,101,0.6832,moderately high
2609,55,92,0.5978,moderately high
2610,17,46,0.3696,moderately low
2611,48,79,0.6076,moderately high
2612,19,26,0.7308,moderately high
2613,36,58,0.6207,moderately high
2614,26,33,0.7879,high
2615,6,15,0.4,moderately low
2616,22,38,0.5789,moderately high
2617,17,33,0.5152,moderately high
2618,7,23,0.3043,moderately low
2619,5,24,0.2083,low
2620,28,70,0.4,moderately low
2621,29,72,0.4028,moderately low
2622,68,327,0.208,low
2623,16,30,0.5333,moderately high
2624,12,19,0.6316,moderately high
2625,13,19,0.6842,moderately high
2626,40,80,0.5,moderately high
2627,21,58,0.3621,moderately low
2628,5,37,0.1351,low
2629,46,85,0.5412,moderately high
2630,90,115,0.7826,high
2631,114,173,0.659,moderately high
2632,10,11,0.9091,high
2633,34,86,0.3953,moderately low
2634,39,94,0.4149,moderately low
2635,1,6,0.1667,low
2636,177,277,0.639,moderately high
2637,18,59,0.3051,moderately low
2638,157,244,0.6434,moderately high
2639,34,61,0.5574,moderately high
2640,26,82,0.3171,moderately low
2641,13,28,0.4643,moderately low
2642,1,4,0.25,moderately low
2643,0,6,0.0,low
2644,136,224,0.6071,moderately high
2645,113,180,0.6278,moderately high
2646,21,37,0.5676,moderately high
2647,7,33,0.2121,low
2648,4,40,0.1,low
2649,1,30,0.0333,low
2650,81,121,0.6694,moderately high
2651,36,96,0.375,moderately low
2652,16,28,0.5714,moderately high
2653,25,42,0.5952,moderately high
2654,46,74,0.6216,moderately high
2655,46,89,0.5169,moderately high
2656,12,27,0.4444,moderately low
2657,40,86,0.4651,moderately low
2658,43,69,0.6232,moderately high
2659,60,83,0.7229,moderately high
2660,7,14,0.5,moderately high
2661,14,22,0.6364,moderately high
2662,23,48,0.4792,moderately low
2663,14,26,0.5385,moderately high
2664,35,60,0.5833,moderately high
2665,34,56,0.6071,moderately high
2666,52,104,0.5,moderately high
2667,26,49,0.5306,moderately high
2668,53,97,0.5464,moderately high
2669,56,94,0.5957,moderately high
2670,2,3,0.6667,moderately high
2671,15,29,0.5172,moderately high
2672,26,32,0.8125,high
2673,19,39,0.4872,moderately low
2674,41,71,0.5775,moderately high
2675,22,30,0.7333,moderately high
2676,14,18,0.7778,high
2677,30,51,0.5882,moderately high
2678,29,63,0.4603,moderately low
2679,80,130,0.6154,moderately high
2680,5,11,0.4545,moderately low
2681,41,65,0.6308,moderately high
2682,21,32,0.6562,moderately high
2683,60,104,0.5769,moderately high
2684,64,79,0.8101,high
2685,49,87,0.5632,moderately high
2686,40,86,0.4651,moderately low
2687,26,62,0.4194,moderately low
2688,46,99,0.4646,moderately low
2689,38,92,0.413,moderately low
2690,17,39,0.4359,moderately low
2691,15,30,0.5,moderately high
2692,27,43,0.6279,moderately high
2693,11,17,0.6471,moderately high
2694,59,88,0.6705,moderately high
2695,7,24,0.2917,moderately low
2696,1,46,0.0217,low
2697,19,24,0.7917,high
2698,12,37,0.3243,moderately low
2699,90,148,0.6081,moderately high
2700,58,80,0.725,moderately high
2701,19,23,0.8261,high
2702,12,19,0.6316,moderately high
2703,12,30,0.4,moderately low
2704,21,43,0.4884,moderately low
2705,27,65,0.4154,moderately low
2706,65,216,0.3009,moderately low
2707,23,58,0.3966,moderately low
2708,5,45,0.1111,low
2709,14,25,0.56,moderately high
2710,13,16,0.8125,high
2711,22,31,0.7097,moderately high
2712,2,12,0.1667,low
2713,18,54,0.3333,moderately low
2714,10,17,0.5882,moderately high
2715,11,34,0.3235,moderately low
2716,19,30,0.6333,moderately high
2717,12,34,0.3529,moderately low
2718,6,19,0.3158,moderately low
2719,10,16,0.625,moderately high
2720,49,76,0.6447,moderately high
2721,25,36,0.6944,moderately high
2722,28,39,0.7179,moderately high
2723,57,77,0.7403,moderately high
2724,4,10,0.4,moderately low
2725,70,243,0.2881,moderately low
2726,3,4,0.75,high
2727,28,52,0.5385,moderately high
2728,29,48,0.6042,moderately high
2729,17,44,0.3864,moderately low
2730,1,1,1.0,high
2731,3,9,0.3333,moderately low
2732,7,20,0.35,moderately low
2733,12,14,0.8571,high
2734,17,34,0.5,moderately high
2735,12,20,0.6,moderately high
2736,27,38,0.7105,moderately high
2737,11,15,0.7333,moderately high
2738,55,65,0.8462,high
2739,11,16,0.6875,moderately high
2740,16,36,0.4444,moderately low
2741,28,46,0.6087,moderately high
2742,9,13,0.6923,moderately high
2743,30,62,0.4839,moderately low
2744,30,43,0.6977,moderately high
2745,4,6,0.6667,moderately high
2746,13,19,0.6842,moderately high
2747,15,30,0.5,moderately high
2748,25,49,0.5102,moderately high
2749,33,42,0.7857,high
2750,20,38,0.5263,moderately high
2751,44,110,0.4,moderately low
2752,15,40,0.375,moderately low
2753,21,35,0.6,moderately high
2754,18,36,0.5,moderately high
2755,16,29,0.5517,moderately high
2756,19,40,0.475,moderately low
2757,18,93,0.1935,low
2758,12,23,0.5217,moderately high
2759,47,95,0.4947,moderately low
2760,13,26,0.5,moderately high
2761,3,11,0.2727,moderately low
2762,32,62,0.5161,moderately high
2763,22,49,0.449,moderately low
2764,34,51,0.6667,moderately high
2765,27,59,0.4576,moderately low
2766,8,63,0.127,low
2767,10,25,0.4,moderately low
2768,15,38,0.3947,moderately low
2769,14,49,0.2857,moderately low
2770,26,37,0.7027,moderately high
2771,22,49,0.449,moderately low
2772,5,32,0.1562,low
2773,44,79,0.557,moderately high
2774,15,32,0.4688,moderately low
2775,20,60,0.3333,moderately low
2776,37,52,0.7115,moderately high
2777,0,17,0.0,low
2778,31,65,0.4769,moderately low
2779,13,23,0.5652,moderately high
2780,13,25,0.52,moderately high
2781,22,52,0.4231,moderately low
2782,29,59,0.4915,moderately low
2783,6,21,0.2857,moderately low
2784,1,12,0.0833,low
2785,0,5,0.0,low
2786,0,13,0.0,low
2788,5,19,0.2632,moderately low
2789,33,70,0.4714,moderately low
2790,12,14,0.8571,high
2791,3,7,0.4286,moderately low
2792,27,46,0.587,moderately high
2793,5,56,0.0893,low
2794,10,31,0.3226,moderately low
2795,14,42,0.3333,moderately low
2796,22,38,0.5789,moderately high
2797,1,49,0.0204,low
2798,11,28,0.3929,moderately low
2799,37,55,0.6727,moderately high
2800,61,87,0.7011,moderately high
2801,4,6,0.6667,moderately high
2802,20,45,0.4444,moderately low
2803,0,1,0.0,low
2804,50,71,0.7042,moderately high
2805,2,5,0.4,moderately low
2806,4,16,0.25,moderately low
2807,59,98,0.602,moderately high
2808,8,20,0.4,moderately low
2809,93,243,0.3827,moderately low
2810,1,5,0.2,low
2811,23,42,0.5476,moderately high
2812,5,7,0.7143,moderately high
2813,2,5,0.4,moderately low
2814,8,16,0.5,moderately high
2815,4,15,0.2667,moderately low
2816,2,15,0.1333,low
2817,2,34,0.0588,low
2818,12,20,0.6,moderately high
2819,9,27,0.3333,moderately low
2820,37,55,0.6727,moderately high
2821,27,41,0.6585,moderately high
2822,8,11,0.7273,moderately high
2823,3,7,0.4286,moderately low
2824,1,2,0.5,moderately high
2825,11,26,0.4231,moderately low
2826,2,13,0.1538,low
2827,6,17,0.3529,moderately low
2828,38,47,0.8085,high
2829,18,41,0.439,moderately low
2830,36,56,0.6429,moderately high
2831,13,22,0.5909,moderately high
2832,22,41,0.5366,moderately high
2833,1,1,1.0,high
2834,11,30,0.3667,moderately low
2835,0,1,0.0,low
2836,11,15,0.7333,moderately high
2837,0,9,0.0,low
2838,36,67,0.5373,moderately high
2839,15,25,0.6,moderately high
2840,3,19,0.1579,low
2841,14,44,0.3182,moderately low
2842,12,28,0.4286,moderately low
2843,12,27,0.4444,moderately low
2844,3,10,0.3,moderately low
2845,1,3,0.3333,moderately low
2846,12,40,0.3,moderately low
2847,5,14,0.3571,moderately low
2848,10,22,0.4545,moderately low
2849,0,1,0.0,low
2850,1,1,1.0,high
2851,1,7,0.1429,low
2852,3,14,0.2143,low
2853,2,8,0.25,moderately low
2854,3,18,0.1667,low
2855,11,31,0.3548,moderately low
2856,8,18,0.4444,moderately low
2857,5,9,0.5556,moderately high
2858,0,5,0.0,low
2859,8,11,0.7273,moderately high
2860,23,32,0.7188,moderately high
2861,24,33,0.7273,moderately high
2862,1,31,0.0323,low
2863,24,32,0.75,high
2864,28,46,0.6087,moderately high
2865,24,78,0.3077,moderately low
2866,23,40,0.575,moderately high
2867,3,4,0.75,high
2868,0,4,0.0,low
2869,7,9,0.7778,high
2870,2,5,0.4,moderately low
2871,6,11,0.5455,moderately high
2872,12,57,0.2105,low
2873,14,22,0.6364,moderately high
2874,9,12,0.75,high
2875,5,81,0.0617,low
2876,9,17,0.5294,moderately high
2877,10,21,0.4762,moderately low
2878,14,37,0.3784,moderately low
2879,4,15,0.2667,moderately low
2880,17,35,0.4857,moderately low
2881,2,3,0.6667,moderately high
2882,30,66,0.4545,moderately low
2883,3,4,0.75,high
2884,9,18,0.5,moderately high
2885,3,9,0.3333,moderately low
2886,7,13,0.5385,moderately high
2887,1,2,0.5,moderately high
2889,9,17,0.5294,moderately high
2890,2,9,0.2222,low
2891,20,35,0.5714,moderately high
2892,13,23,0.5652,moderately high
2893,5,14,0.3571,moderately low
2894,7,10,0.7,moderately high
2895,3,11,0.2727,moderately low
2896,4,9,0.4444,moderately low
2897,1,3,0.3333,moderately low
2898,19,38,0.5,moderately high
2899,16,25,0.64,moderately high
2900,11,17,0.6471,moderately high
2901,5,11,0.4545,moderately low
2902,3,4,0.75,high
2903,6,15,0.4,moderately low
2904,4,19,0.2105,low
2905,9,23,0.3913,moderately low
2906,1,1,1.0,high
2907,10,20,0.5,moderately high
2908,2,16,0.125,low
2909,2,7,0.2857,moderately low
2910,0,1,0.0,low
2911,3,14,0.2143,low
2912,0,3,0.0,low
2913,4,12,0.3333,moderately low
2914,6,12,0.5,moderately high
2915,5,10,0.5,moderately high
2916,3,4,0.75,high
2917,2,5,0.4,moderately low
2918,14,23,0.6087,moderately high
2919,1,6,0.1667,low
2920,4,6,0.6667,moderately high
2921,1,5,0.2,low
2922,4,8,0.5,moderately high
2923,2,7,0.2857,moderately low
2924,4,9,0.4444,moderately low
2925,16,20,0.8,high
2926,4,7,0.5714,moderately high
2927,5,8,0.625,moderately high
2928,9,14,0.6429,moderately high
2929,2,5,0.4,moderately low
2930,1,3,0.3333,moderately low
2931,21,34,0.6176,moderately high
2932,9,12,0.75,high
2933,0,13,0.0,low
2934,3,5,0.6,moderately high
2935,1,7,0.1429,low
2936,8,18,0.4444,moderately low
2937,8,16,0.5,moderately high
2938,0,7,0.0,low
2940,22,29,0.7586,high
2941,2,8,0.25,moderately low
2942,0,1,0.0,low
2943,6,11,0.5455,moderately high
2944,0,5,0.0,low
2945,0,4,0.0,low
2946,7,11,0.6364,moderately high
2947,4,8,0.5,moderately high
2948,2,6,0.3333,moderately low
2949,3,4,0.75,high
2950,2,3,0.6667,moderately high
2951,1,4,0.25,moderately low
2952,2,6,0.3333,moderately low
2953,8,11,0.7273,moderately high
2954,0,2,0.0,low
2955,1,2,0.5,moderately high
2956,1,2,0.5,moderately high
2957,0,2,0.0,low
2958,5,9,0.5556,moderately high
2960,1,1,1.0,high
2961,1,2,0.5,moderately high
2962,0,2,0.0,low
2964,2,2,1.0,high
2965,2,2,1.0,high
2966,0,1,0.0,low
2967,0,3,0.0,low
2968,4,6,0.6667,moderately high
2969,0,3,0.0,low
2970,2,5,0.4,moderately low
2971,4,6,0.6667,moderately high
2972,5,18,0.2778,moderately low
2973,2,5,0.4,moderately low
2974,1,3,0.3333,moderately low
2975,2,7,0.2857,moderately low
2976,2,3,0.6667,moderately high
2977,1,1,1.0,high
2980,0,6,0.0,low
2981,2,7,0.2857,moderately low
2982,1,4,0.25,moderately low
2983,0,1,0.0,low
2984,1,1,1.0,high
2985,0,2,0.0,low
2986,0,1,0.0,low
2987,1,1,1.0,high
2988,0,2,0.0,low
2989,0,2,0.0,low
2990,1,1,1.0,high
2991,1,3,0.3333,moderately low
2992,1,2,0.5,moderately high
2993,0,1,0.0,low
2994,1,1,1.0,high
2995,4,9,0.4444,moderately low
2996,8,12,0.6667,moderately high
2997,5,5,1.0,high
2998,0,1,0.0,low
2999,2,2,1.0,high
3001,0,1,0.0,low
3003,0,3,0.0,low
3004,3,7,0.4286,moderately low
3005,1,1,1.0,high
3006,1,3,0.3333,moderately low
3007,0,1,0.0,low
3008,1,1,1.0,high
3009,2,2,1.0,high
3011,1,2,0.5,moderately high
3012,0,1,0.0,low
3013,0,1,0.0,low
3014,12,21,0.5714,moderately high
3015,0,3,0.0,low
3016,0,1,0.0,low
3017,1,2,0.5,moderately high
3018,1,1,1.0,high
3019,2,2,1.0,high
3020,0,1,0.0,low
3021,1,1,1.0,high
3022,2,4,0.5,moderately high
3025,0,1,0.0,low
3026,1,1,1.0,high
3027,1,1,1.0,high
3028,0,1,0.0,low
3029,2,2,1.0,high
3030,0,1,0.0,low
3031,9,15,0.6,moderately high
3033,34,63,0.5397,moderately high
3034,25,39,0.641,moderately high
3035,12,18,0.6667,moderately high
3036,16,19,0.8421,high
3037,6,11,0.5455,moderately high
3038,31,67,0.4627,moderately low
3039,2,2,1.0,high
3040,1,1,1.0,high
3041,0,1,0.0,low
3042,1,1,1.0,high
3044,16,24,0.6667,moderately high
3046,7,8,0.875,high
3047,0,1,0.0,low
3048,2,2,1.0,high
